{
  "env": {
    "node": "v22.22.0",
    "os": "Darwin",
    "arch": "arm64",
    "cpu": "Apple M3 Pro",
    "totalMemory": "18GB"
  },
  "timestamp": "2026-03-23T14:26:04.592Z",
  "config": {
    "scales": [1000, 10000, 50000, 100000],
    "vectorScales": [10000, 50000, 100000],
    "vectorDimension": 1536,
    "insertIterations": 5,
    "warmupIterations": 2,
    "searchQueryCount": 100,
    "seed": 42,
    "dataSource": "wiki",
    "wikiArticleCount": 100000
  },
  "engines": {
    "narsil": "unknown",
    "orama": "3.1.18",
    "minisearch": "unknown"
  },
  "tiers": {
    "textOnly": {},
    "fullSchema": {},
    "vector": {}
  },
  "quality": {
    "narsil": {
      "meanNdcg10": 0.7545669741496824,
      "queryCount": 50,
      "docCount": 10000
    },
    "orama": {
      "meanNdcg10": 0.5023197797294404,
      "queryCount": 50,
      "docCount": 10000
    },
    "minisearch": {
      "meanNdcg10": 0.26099366086044756,
      "queryCount": 50,
      "docCount": 10000
    }
  },
  "cranfieldQuality": {
    "narsil": {
      "meanNdcg10": 0.37390112664326747,
      "meanPrecision10": 0.24577777777777782,
      "meanMap": 0.26143151484338534,
      "meanMrr": 0.5637548500881834,
      "queryCount": 225,
      "docCount": 1400
    },
    "orama": {
      "meanNdcg10": 0.2910870368411723,
      "meanPrecision10": 0.18355555555555564,
      "meanMap": 0.1845658721938772,
      "meanMrr": 0.48210758377425034,
      "queryCount": 225,
      "docCount": 1400
    },
    "minisearch": {
      "meanNdcg10": 0.007737658357249667,
      "meanPrecision10": 0.006666666666666669,
      "meanMap": 0.002713555951028718,
      "meanMrr": 0.013869488536155203,
      "queryCount": 225,
      "docCount": 1400
    }
  }
}
